City_ID,City,Country,Date,Lat,Lng,Max Temp,Humidity,Cloudiness,Wind Speed
0,Maanshan,CN,2022-01-30 00:12:46,31.6957,118.4983,34.75,83,96,3.15
1,Kungurtug,RU,2022-01-30 00:12:47,50.5994,97.5228,-24.29,98,47,1.43
2,Busselton,AU,2022-01-30 00:09:36,-33.65,115.3333,73.09,70,10,13.87
3,Iqaluit,CA,2022-01-30 00:12:48,63.7506,-68.5145,-17.36,91,100,5.64
4,Ponta Do Sol,PT,2022-01-30 00:12:49,32.6667,-17.1,63.23,37,20,6.02
5,Flinders,AU,2022-01-30 00:12:49,-34.5833,150.8552,82.38,68,95,7.7
6,Albany,US,2022-01-30 00:10:35,42.6001,-73.9662,10.51,63,100,8.01
7,Saint Anthony,US,2022-01-30 00:12:51,45.0205,-93.218,26.29,70,0,1.99
8,Luderitz,NA,2022-01-30 00:12:51,-26.6481,15.1594,68.23,76,75,6.46
9,Ushuaia,AR,2022-01-30 00:09:38,-54.8,-68.3,44.26,87,100,4.61
10,Geraldton,AU,2022-01-30 00:12:52,-28.7667,114.6,77.13,73,0,8.05
11,Rikitea,PF,2022-01-30 00:12:53,-23.1203,-134.9692,77.02,72,100,8.16
12,Kapaa,US,2022-01-30 00:12:54,22.0752,-159.319,80.58,65,0,4.0
13,Mataura,NZ,2022-01-30 00:10:48,-46.1927,168.8643,56.86,99,100,2.71
14,Scarborough,GB,2022-01-30 00:12:55,54.2797,-0.4044,41.54,78,10,5.01
15,Barrow,US,2022-01-30 00:09:11,71.2906,-156.7887,-7.58,71,40,12.66
16,Port Alfred,ZA,2022-01-30 00:12:00,-33.5906,26.891,68.9,87,35,9.06
17,Bethel,US,2022-01-30 00:12:57,41.3712,-73.414,19.04,59,100,4.0
18,Avarua,CK,2022-01-30 00:12:58,-21.2078,-159.775,82.45,78,20,11.5
19,Cape Town,ZA,2022-01-30 00:10:54,-33.9258,18.4232,68.34,71,0,4.0
20,Hilo,US,2022-01-30 00:12:10,19.7297,-155.09,82.13,50,0,9.22
21,Sao Filipe,CV,2022-01-30 00:09:05,14.8961,-24.4956,70.92,72,97,10.04
22,Tasiilaq,GL,2022-01-30 00:10:43,65.6145,-37.6368,17.76,78,97,5.61
23,Hobart,AU,2022-01-30 00:09:41,-42.8794,147.3294,76.01,56,75,1.99
24,Koumac,NC,2022-01-30 00:13:01,-20.5667,164.2833,84.63,70,56,7.94
25,Namatanai,PG,2022-01-30 00:13:02,-3.6667,152.4333,83.32,74,100,4.56
26,Mayumba,GA,2022-01-30 00:13:02,-3.432,10.6554,76.93,92,72,4.27
27,Southbridge,US,2022-01-30 00:13:03,42.0751,-72.0334,14.77,86,100,3.0
28,Wewak,PG,2022-01-30 00:13:04,-3.5534,143.6268,79.54,82,99,6.87
29,Nkhata Bay,MW,2022-01-30 00:13:05,-11.6066,34.2907,70.66,91,100,5.35
30,Xingyi,CN,2022-01-30 00:13:05,24.1877,102.817,35.83,89,1,2.86
31,Gbarnga,LR,2022-01-30 00:13:06,6.9956,-9.4722,70.39,94,70,2.68
32,Miri,MY,2022-01-30 00:13:07,4.4148,114.0089,76.15,91,99,3.58
33,Broome,US,2022-01-30 00:13:08,42.2506,-75.833,10.02,75,20,5.99
34,Dryden,CA,2022-01-30 00:13:08,49.7833,-92.7503,8.89,85,100,5.75
35,Atuona,PF,2022-01-30 00:13:09,-9.8,-139.0333,77.74,79,13,12.08
36,Takoradi,GH,2022-01-30 00:13:10,4.8845,-1.7554,79.07,89,55,5.23
37,Qaanaaq,GL,2022-01-30 00:13:10,77.484,-69.3632,4.41,89,100,9.91
38,Baft,IR,2022-01-30 00:13:12,29.234,56.6057,38.25,70,28,4.99
39,Portland,US,2022-01-30 00:11:53,45.5234,-122.6762,54.46,55,75,1.99
40,Baykalsk,RU,2022-01-30 00:13:13,51.5058,104.1469,0.12,84,43,6.22
41,Abu Zabad,SD,2022-01-30 00:13:14,12.35,29.25,59.79,16,41,14.38
42,Saint-Philippe,RE,2022-01-30 00:13:14,-21.3585,55.7679,76.59,82,43,11.05
43,Morada Nova,BR,2022-01-30 00:13:15,-5.1067,-38.3725,75.56,82,100,3.89
44,Porto Novo,BJ,2022-01-30 00:13:17,6.4965,2.6036,75.69,69,31,4.16
45,Merauke,ID,2022-01-30 00:13:18,-8.4667,140.3333,81.84,75,100,8.55
46,Provideniya,RU,2022-01-30 00:13:19,64.3833,-173.3,4.68,86,10,3.29
47,Ahipara,NZ,2022-01-30 00:14:20,-35.1667,173.1667,75.49,50,62,6.15
48,Longyearbyen,SJ,2022-01-30 00:14:21,78.2186,15.6401,8.44,66,0,16.11
49,Dingle,PH,2022-01-30 00:14:22,10.9995,122.6711,79.03,83,11,1.21
50,Carnarvon,AU,2022-01-30 00:14:23,-24.8667,113.6333,78.87,89,90,12.66
51,Tuktoyaktuk,CA,2022-01-30 00:14:23,69.4541,-133.0374,-7.94,96,100,16.78
52,Saint-Joseph,RE,2022-01-30 00:14:24,-21.3667,55.6167,75.58,85,33,10.87
53,Faya,SA,2022-01-30 00:14:25,18.3851,42.4509,52.32,81,1,5.79
54,Naila,DE,2022-01-30 00:14:26,50.3167,11.7,41.09,93,75,11.01
55,Bredasdorp,ZA,2022-01-30 00:10:35,-34.5322,20.0403,66.27,81,2,5.88
56,Dunedin,NZ,2022-01-30 00:13:53,-45.8742,170.5036,58.15,89,100,4.25
57,Limbang,MY,2022-01-30 00:14:27,4.75,115.0,78.91,95,98,1.14
58,Tabas,IR,2022-01-30 00:14:28,33.5959,56.9244,45.7,27,1,6.64
59,Flin Flon,CA,2022-01-30 00:14:29,54.7682,-101.865,-4.86,100,96,2.28
60,Vaini,TO,2022-01-30 00:14:30,-21.2,-175.2,81.64,77,100,12.75
61,Tateyama,JP,2022-01-30 00:14:30,34.9833,139.8667,45.1,68,59,15.75
62,Punta Arenas,CL,2022-01-30 00:11:30,-53.15,-70.9167,51.91,50,0,6.91
63,Rio Pardo,BR,2022-01-30 00:14:32,-29.9897,-52.3781,70.03,63,9,11.14
64,Eydhafushi,MV,2022-01-30 00:14:33,5.1033,73.0708,82.26,66,50,13.8
65,Santa Cruz,BO,2022-01-30 00:09:42,-17.8,-63.1667,80.06,69,40,4.61
66,Coahuayana,MX,2022-01-30 00:14:34,18.7333,-103.6833,83.68,57,0,4.5
67,Meulaboh,ID,2022-01-30 00:14:35,4.1363,96.1285,75.52,91,63,5.06
68,Vao,NC,2022-01-30 00:14:36,-22.6667,167.4833,79.39,85,61,13.91
69,Severo-Kurilsk,RU,2022-01-30 00:14:36,50.6789,156.125,24.87,82,96,17.74
70,Kargopol,RU,2022-01-30 00:14:37,61.5071,38.9456,3.33,100,100,5.23
71,Pevek,RU,2022-01-30 00:12:18,69.7008,170.3133,-17.34,99,95,3.71
72,Padang,ID,2022-01-30 00:14:39,-0.9492,100.3543,75.25,92,95,5.17
73,Praia Da Vitoria,PT,2022-01-30 00:14:39,38.7333,-27.0667,59.25,88,75,11.52
74,Mar Del Plata,AR,2022-01-30 00:13:54,-38.0023,-57.5575,77.02,61,0,17.27
75,Castro,BR,2022-01-30 00:14:41,-24.7911,-50.0119,59.81,99,100,6.29
76,Mondeville,FR,2022-01-30 00:14:41,49.175,-0.3224,50.74,93,75,10.36
77,Bluff,NZ,2022-01-30 00:14:42,-46.6,168.3333,60.19,82,100,8.08
78,East London,ZA,2022-01-30 00:14:43,-33.0153,27.9116,69.85,86,72,7.78
79,Bambanglipuro,ID,2022-01-30 00:14:44,-7.95,110.2833,78.69,84,100,2.71
80,Samana,DO,2022-01-30 00:14:45,19.2056,-69.3369,74.16,77,5,4.63
81,Atasu,KZ,2022-01-30 00:14:45,48.6814,71.6433,19.29,95,100,13.56
82,Lasa,IT,2022-01-30 00:14:46,46.6166,10.7002,45.86,76,15,9.1
83,Santa Marta,CO,2022-01-30 00:14:34,11.2408,-74.199,81.9,52,35,14.0
84,Bereda,ES,2022-01-30 00:14:47,43.2686,-7.5406,45.91,97,100,2.04
85,Tornio,FI,2022-01-30 00:14:48,65.8481,24.1466,21.22,91,97,13.69
86,Muroto,JP,2022-01-30 00:14:49,33.2833,134.15,46.44,63,99,4.94
87,Grand-Santi,GF,2022-01-30 00:14:50,4.25,-54.3833,71.62,96,40,2.64
88,Seoul,KR,2022-01-30 00:11:12,37.5683,126.9778,22.44,31,80,2.57
89,Kaitangata,NZ,2022-01-30 00:14:51,-46.2817,169.8464,56.59,93,100,6.33
90,Leningradskiy,RU,2022-01-30 00:14:09,69.3833,178.4167,-10.08,91,63,5.06
91,Torres,BR,2022-01-30 00:14:52,-29.3353,-49.7269,68.83,79,69,6.96
92,Baykit,RU,2022-01-30 00:14:53,61.67,96.37,-10.52,100,98,1.52
93,Tiarei,PF,2022-01-30 00:14:54,-17.5333,-149.3333,82.42,75,97,10.74
94,Carandai,BR,2022-01-30 00:14:54,-20.9536,-43.8064,64.67,92,75,4.88
95,Butaritari,KI,2022-01-30 00:15:41,3.0707,172.7902,82.56,72,81,18.54
96,Lahat,ID,2022-01-30 00:15:55,-3.8,103.5333,73.35,96,100,1.3
97,Chapais,CA,2022-01-30 00:15:56,49.7834,-74.8492,-18.62,99,8,2.75
98,Banda Aceh,ID,2022-01-30 00:15:57,5.5577,95.3222,79.02,77,90,5.06
99,Touros,BR,2022-01-30 00:15:58,-5.1989,-35.4608,77.9,82,85,9.66
100,Ilulissat,GL,2022-01-30 00:15:59,69.2167,-51.1,10.42,72,75,18.41
101,Jamestown,US,2022-01-30 00:11:14,42.097,-79.2353,7.92,85,0,6.91
102,Hermanus,ZA,2022-01-30 00:16:00,-34.4187,19.2345,66.79,81,2,11.01
103,Townsville,AU,2022-01-30 00:15:45,-19.25,146.8,85.08,66,75,12.66
104,Sonoita,MX,2022-01-30 00:16:01,31.85,-112.8333,72.54,16,12,4.34
105,Kodiak,US,2022-01-30 00:16:02,57.79,-152.4072,35.11,55,0,12.66
106,Hoyerswerda,DE,2022-01-30 00:16:03,51.4333,14.25,45.01,68,88,25.86
107,Torbay,CA,2022-01-30 00:16:04,47.6666,-52.7314,37.27,95,100,23.02
108,Alexander City,US,2022-01-30 00:11:38,32.944,-85.9539,37.58,32,1,3.44
109,Nishihara,JP,2022-01-30 00:16:06,26.1842,127.7558,63.68,94,100,10.36
110,Shenjiamen,CN,2022-01-30 00:16:06,29.9576,122.298,40.17,96,100,19.19
111,New Norfolk,AU,2022-01-30 00:16:07,-42.7826,147.0587,76.66,31,13,1.99
112,Bengkulu,ID,2022-01-30 00:14:29,-3.8004,102.2655,76.26,90,100,4.14
113,Kasongo,CD,2022-01-30 00:16:09,-4.45,26.6667,68.85,92,99,1.77
114,Okhotsk,RU,2022-01-30 00:13:13,59.3833,143.3,13.89,80,99,15.48
115,Bonfim,BR,2022-01-30 00:16:10,3.0833,-59.95,83.66,46,73,8.46
116,Khatanga,RU,2022-01-30 00:16:11,71.9667,102.5,-5.76,98,100,7.61
117,Ngunguru,NZ,2022-01-30 00:16:12,-35.6167,174.5,73.17,64,40,11.16
118,Hithadhoo,MV,2022-01-30 00:16:13,-0.6,73.0833,80.82,68,76,3.85
119,Pangody,RU,2022-01-30 00:16:14,65.85,74.4859,-4.09,96,100,8.86
120,Vanavara,RU,2022-01-30 00:16:15,60.34,102.2797,-3.68,99,100,3.13
121,Houma,US,2022-01-30 00:15:15,29.5958,-90.7195,50.0,44,0,5.75
122,Along,IN,2022-01-30 00:16:17,28.1667,94.7667,41.67,82,2,1.36
123,Ciudad Bolivar,VE,2022-01-30 00:16:17,8.1222,-63.5497,81.99,51,27,13.94
124,Vardo,NO,2022-01-30 00:16:18,70.3705,31.1107,22.14,81,96,1.81
125,Mayna,RU,2022-01-30 00:16:19,54.1135,47.6231,8.26,98,92,5.35
126,Aleksandrov Gay,RU,2022-01-30 00:16:20,50.147,48.5704,32.61,98,100,18.63
127,Sulangan,PH,2022-01-30 00:16:20,11.1373,123.7228,80.98,76,41,4.54
128,Paamiut,GL,2022-01-30 00:16:21,61.994,-49.6678,14.23,69,100,15.48
129,Sugag,RO,2022-01-30 00:16:22,45.7667,23.6333,18.95,71,86,7.45
130,Zyryanovsk,KZ,2022-01-30 00:16:23,49.7386,84.2719,-19.34,97,80,1.61
131,Marystown,CA,2022-01-30 00:16:23,47.1666,-55.1483,40.86,100,100,15.99
132,Beringovskiy,RU,2022-01-30 00:16:24,63.05,179.3167,-9.04,99,93,2.46
133,Dwarka,IN,2022-01-30 00:16:25,22.2394,68.9678,67.23,64,3,8.7
134,Nikolskoye,RU,2022-01-30 00:12:06,59.7035,30.7861,27.72,86,100,16.42
135,Husavik,IS,2022-01-30 00:16:26,66.0449,-17.3389,33.71,79,64,17.31
136,Hambantota,LK,2022-01-30 00:16:27,6.1241,81.1185,77.79,82,78,7.54
137,Humberto De Campos,BR,2022-01-30 00:16:27,-2.5983,-43.4611,73.38,96,100,3.69
138,Sao Gabriel Da Cachoeira,BR,2022-01-30 00:16:28,-0.1303,-67.0892,77.38,84,100,2.37
139,Klaksvik,FO,2022-01-30 00:15:18,62.2266,-6.589,34.72,65,59,18.37
140,Abu Samrah,SY,2022-01-30 00:17:29,35.3029,37.1841,38.57,85,49,6.38
141,Victoria,HK,2022-01-30 00:15:18,22.2855,114.1577,58.24,76,80,3.0
142,Saskylakh,RU,2022-01-30 00:17:30,71.9167,114.0833,-20.06,100,99,3.44
143,Perth,AU,2022-01-30 00:13:03,-31.9333,115.8333,82.67,62,0,2.3
144,Pires Do Rio,BR,2022-01-30 00:17:32,-17.2997,-48.2794,68.16,88,100,4.0
145,Ugoofaaru,MV,2022-01-30 00:15:46,5.6667,73.0,82.22,68,81,15.93
146,Ouargaye,BF,2022-01-30 00:17:33,11.5033,0.0572,76.12,15,26,12.73
147,Salekhard,RU,2022-01-30 00:17:34,66.53,66.6019,-25.31,100,99,2.15
148,Port Hedland,AU,2022-01-30 00:17:35,-20.3167,118.5667,87.85,66,99,14.97
149,Bihar,RO,2022-01-30 00:17:36,47.15,21.9167,32.11,100,75,19.57
150,Tiksi,RU,2022-01-30 00:17:37,71.6872,128.8694,-9.51,98,55,4.09
151,Georgetown,MY,2022-01-30 00:17:37,5.4112,100.3354,81.9,88,20,0.0
152,Saint Pete Beach,US,2022-01-30 00:17:38,27.7253,-82.7412,46.4,62,0,1.01
153,Bosaso,SO,2022-01-30 00:17:39,11.2842,49.1816,70.93,70,74,3.98
154,Itoman,JP,2022-01-30 00:17:39,26.1247,127.6694,64.42,92,75,11.5
155,Honiara,SB,2022-01-30 00:17:40,-9.4333,159.95,84.52,71,100,4.0
156,Ribeira Grande,PT,2022-01-30 00:16:35,38.5167,-28.7,59.04,74,47,5.48
157,Fortuna,US,2022-01-30 00:17:41,40.5982,-124.1573,57.92,80,0,5.75
158,Rock Hill,US,2022-01-30 00:13:18,34.9249,-81.0251,32.76,23,0,5.75
159,Filingue,NE,2022-01-30 00:17:43,14.3521,3.3168,68.54,14,22,12.77
160,Lata,PT,2022-01-30 00:17:43,40.1629,-8.3327,50.41,52,0,5.5
161,Anadyr,RU,2022-01-30 00:17:44,64.75,177.4833,-8.52,76,40,2.24
162,Nalut,LY,2022-01-30 00:17:45,30.3333,10.85,41.72,73,0,9.01
163,Poum,NC,2022-01-30 00:17:46,-20.2333,164.0167,81.79,76,52,8.5
164,Yellowknife,CA,2022-01-30 00:13:24,62.456,-114.3525,-10.44,77,75,9.22
165,Orlik,RU,2022-01-30 00:17:47,52.5178,99.825,-27.74,95,79,2.48
166,Siilinjarvi,FI,2022-01-30 00:17:48,63.0833,27.6667,24.82,86,100,14.97
167,Tucupita,VE,2022-01-30 00:17:49,9.0622,-62.051,74.89,76,92,5.3
168,Taoudenni,ML,2022-01-30 00:17:49,22.6783,-3.9836,73.24,11,97,13.35
169,Mahebourg,MU,2022-01-30 00:17:42,-20.4081,57.7,79.09,78,40,6.91
170,Raudeberg,NO,2022-01-30 00:17:51,61.9875,5.1352,41.2,89,99,10.0
171,Puerto Del Rosario,ES,2022-01-30 00:17:52,28.5004,-13.8627,65.88,77,0,8.05
172,Liku,ID,2022-01-30 00:17:53,-0.7275,119.8922,77.85,85,100,1.88
173,Kabalo,CD,2022-01-30 00:17:54,-6.05,26.9167,69.84,95,100,1.25
174,Noumea,NC,2022-01-30 00:14:39,-22.2763,166.4572,87.78,99,29,15.57
175,Freeport,US,2022-01-30 00:16:29,40.6576,-73.5832,20.97,66,100,8.01
176,Lorengau,PG,2022-01-30 00:17:38,-2.0226,147.2712,84.33,71,87,7.34
177,Matamoros,MX,2022-01-30 00:17:56,25.5333,-103.25,64.51,41,0,8.05
178,Esperance,AU,2022-01-30 00:14:01,-33.8667,121.9,72.9,59,6,10.63
179,Alofi,NU,2022-01-30 00:17:58,-19.0595,-169.9187,82.29,74,93,11.5
180,Barabinsk,RU,2022-01-30 00:17:59,55.3571,78.357,-0.24,89,74,8.46
181,Namibe,AO,2022-01-30 00:18:00,-15.1961,12.1522,70.84,76,100,6.04
182,Bose,IT,2022-01-30 00:18:00,45.4612,8.0137,40.77,54,30,3.04
183,Gat,IL,2022-01-30 00:16:50,31.61,34.7642,49.41,100,0,2.59
184,Kavieng,PG,2022-01-30 00:16:50,-2.5744,150.7967,83.17,75,100,6.58
185,Constitucion,CL,2022-01-30 00:19:02,-35.3333,-72.4167,59.09,92,44,7.87
186,Mahon,ES,2022-01-30 00:19:03,39.8885,4.2658,39.76,93,0,5.75
187,Yar-Sale,RU,2022-01-30 00:19:05,66.8333,70.8333,-10.05,98,86,8.7
188,Arraial Do Cabo,BR,2022-01-30 00:18:56,-22.9661,-42.0278,74.95,94,96,7.52
189,Birjand,IR,2022-01-30 00:19:05,32.8663,59.2211,32.47,55,0,0.0
190,Vestmannaeyjar,IS,2022-01-30 00:19:06,63.4427,-20.2734,40.95,64,100,17.45
191,Oxford,GB,2022-01-30 00:15:13,51.7522,-1.256,43.21,86,16,8.63
192,Sainte-Maxime,FR,2022-01-30 00:19:07,43.3,6.6333,46.54,66,1,3.91
193,Huarmey,PE,2022-01-30 00:19:08,-10.0681,-78.1522,71.67,80,34,9.15
194,San Patricio,US,2022-01-30 00:19:09,28.017,-97.5169,60.89,40,35,10.63
195,Tromso,NO,2022-01-30 00:19:09,69.6496,18.957,21.38,67,0,2.3
196,Henties Bay,NA,2022-01-30 00:19:10,-22.116,14.2845,60.85,83,38,3.74
197,Yerbogachen,RU,2022-01-30 00:18:11,61.2767,108.0108,-10.88,99,94,3.13
198,Whyalla,AU,2022-01-30 00:15:36,-33.0333,137.5833,78.19,52,36,8.16
199,Lagoa,PT,2022-01-30 00:19:12,39.05,-27.9833,58.42,73,59,15.01
200,Saldanha,ZA,2022-01-30 00:18:43,-33.0117,17.9442,64.98,85,0,13.87
201,Saa,CM,2022-01-30 00:19:13,4.3667,11.45,67.55,49,97,0.6
202,Yulara,AU,2022-01-30 00:19:14,-25.2406,130.9889,76.84,88,75,11.5
203,Molln,DE,2022-01-30 00:15:08,53.6333,10.6833,44.47,81,75,26.46
204,Tarauaca,BR,2022-01-30 00:19:15,-8.1614,-70.7656,72.99,99,100,4.34
205,Puerto Ayora,EC,2022-01-30 00:19:16,-0.7393,-90.3518,75.02,78,39,6.64
206,Nuuk,GL,2022-01-30 00:17:35,64.1835,-51.7216,9.88,85,100,23.02
207,Tokur,RU,2022-01-30 00:19:17,53.1333,132.9,-21.15,98,97,1.61
208,French Harbor,HN,2022-01-30 00:19:18,16.35,-86.4333,77.09,77,87,22.28
209,Visby,SE,2022-01-30 00:19:19,57.6409,18.296,39.42,81,100,34.52
210,Kamina,CD,2022-01-30 00:19:19,-8.7386,24.9906,63.82,97,100,4.05
211,Najran,SA,2022-01-30 00:19:21,17.4924,44.1277,54.25,51,4,1.03
212,Lincoln,US,2022-01-30 00:19:22,40.8,-96.667,51.71,51,0,8.05
213,Samarai,PG,2022-01-30 00:19:22,-10.6167,150.6667,81.14,75,100,6.64
214,Koungheul,SN,2022-01-30 00:19:23,13.9833,-14.8,79.79,14,87,8.39
215,Port Elizabeth,ZA,2022-01-30 00:18:17,-33.918,25.5701,66.49,88,0,8.05
216,Karlskoga,SE,2022-01-30 00:18:14,59.3267,14.5239,39.11,56,97,20.36
217,Omsukchan,RU,2022-01-30 00:19:25,62.5333,155.8,-6.43,98,100,5.26
218,Uglovka,RU,2022-01-30 00:19:26,58.2392,33.5108,19.45,90,100,12.91
219,Dikson,RU,2022-01-30 00:19:27,73.5069,80.5464,7.23,94,100,19.73
220,Adrar,MR,2022-01-30 00:17:53,20.5022,-10.0711,75.54,11,100,9.33
221,Miandrivazo,MG,2022-01-30 00:19:29,-19.5167,45.4667,77.31,81,1,0.43
222,Tautira,PF,2022-01-30 00:19:30,-17.7333,-149.15,82.42,74,86,11.63
223,Lebu,CL,2022-01-30 00:19:03,-37.6167,-73.65,60.17,83,1,9.33
224,Sola,VU,2022-01-30 00:19:31,-13.8833,167.55,82.69,78,90,19.1
225,Arlit,NE,2022-01-30 00:19:32,18.7369,7.3853,61.97,16,1,6.67
226,Narsaq,GL,2022-01-30 00:19:33,60.9167,-46.05,12.42,95,100,11.41
227,Avera,US,2022-01-30 00:19:34,33.194,-82.5271,39.07,28,0,10.36
228,Jumla,NP,2022-01-30 00:20:34,29.2747,82.1838,31.12,43,0,4.97
229,Chuy,UY,2022-01-30 00:18:20,-33.6971,-53.4616,66.6,77,12,8.01
230,Airai,TL,2022-01-30 00:16:31,-8.9266,125.4092,65.5,81,100,4.07
231,Katsuura,JP,2022-01-30 00:17:05,35.1333,140.3,45.19,60,61,18.45
232,Pontianak,ID,2022-01-30 00:20:37,-0.0333,109.3333,76.98,94,40,3.44
233,Kindu,CD,2022-01-30 00:20:37,-2.95,25.95,72.05,86,69,1.41
234,Coquimbo,CL,2022-01-30 00:20:38,-29.9533,-71.3436,63.59,77,45,8.97
235,Saint George,US,2022-01-30 00:16:39,37.1041,-113.5841,58.35,16,0,1.01
236,Los Llanos De Aridane,ES,2022-01-30 00:20:40,28.6585,-17.9182,58.75,75,100,7.0
237,Cerna,RO,2022-01-30 00:20:40,45.0833,28.3167,27.99,84,81,6.13
238,Olinda,BR,2022-01-30 00:18:25,-8.0089,-34.8553,78.53,83,75,2.3
239,Sitka,US,2022-01-30 00:20:42,57.0531,-135.33,37.29,60,75,10.36
240,Berlevag,NO,2022-01-30 00:20:43,70.8578,29.0864,20.89,75,93,1.9
241,Marataizes,BR,2022-01-30 00:20:44,-21.0433,-40.8244,77.13,86,65,11.14
242,Ndola,ZM,2022-01-30 00:20:44,-12.9587,28.6366,63.05,98,100,3.33
243,Dauphin,CA,2022-01-30 00:20:45,51.1494,-100.0502,8.74,78,100,5.75
244,Morondava,MG,2022-01-30 00:20:46,-20.2833,44.2833,78.31,83,0,6.87
245,Kugulta,RU,2022-01-30 00:20:46,45.3636,42.3889,32.58,96,91,11.27
246,Evensk,RU,2022-01-30 00:20:48,61.95,159.2333,18.57,78,100,10.78
247,Tabou,CI,2022-01-30 00:19:33,4.423,-7.3528,79.21,88,35,5.08
248,Nagorsk,RU,2022-01-30 00:20:49,59.3172,50.8078,5.36,98,100,3.89
249,Thompson,CA,2022-01-30 00:18:55,55.7435,-97.8558,-9.24,84,20,2.3
250,Bakchar,RU,2022-01-30 00:20:51,57.0186,82.0711,-8.75,100,81,3.22
251,Mogocha,RU,2022-01-30 00:20:51,53.7333,119.7667,-14.42,95,10,3.94
252,Salisbury,GB,2022-01-30 00:17:58,51.0693,-1.7957,42.48,85,43,2.3
253,Bireun,ID,2022-01-30 00:20:53,5.203,96.7009,75.61,85,74,3.27
254,Laguna,US,2022-01-30 00:20:53,38.421,-121.4238,66.29,42,0,3.0
255,Regina,CA,2022-01-30 00:20:04,50.4501,-104.6178,19.4,85,20,4.61
256,Pacific Grove,US,2022-01-30 00:20:55,36.6177,-121.9166,67.6,57,0,4.0
257,Fremont,US,2022-01-30 00:19:44,37.5483,-121.9886,66.96,55,40,1.99
258,Buala,SB,2022-01-30 00:20:56,-8.145,159.5921,85.69,68,100,7.45
259,Kysyl-Syr,RU,2022-01-30 00:20:57,63.8986,122.7617,-18.78,100,100,3.91
260,Sinnamary,GF,2022-01-30 00:20:57,5.3833,-52.95,76.17,86,86,8.39
261,Belyy Yar,RU,2022-01-30 00:20:58,53.6039,91.3903,-18.51,68,75,2.24
262,Haines Junction,CA,2022-01-30 00:20:59,60.7522,-137.5108,12.15,67,100,10.36
263,Camacha,PT,2022-01-30 00:20:59,33.0833,-16.3333,60.22,88,40,8.05
264,Negombo,LK,2022-01-30 00:21:00,7.2083,79.8358,75.49,89,43,5.37
265,Naze,JP,2022-01-30 00:21:01,28.3667,129.4833,56.32,76,98,12.68
266,Kologriv,RU,2022-01-30 00:21:02,58.8275,44.3178,9.7,98,97,4.18
267,Nabire,ID,2022-01-30 00:20:08,-3.3667,135.4833,80.89,76,97,1.97
268,Darab,IR,2022-01-30 00:21:02,28.7519,54.5444,50.74,48,28,2.37
269,Moctezuma,MX,2022-01-30 00:21:04,29.8,-109.6667,71.51,25,4,1.81
270,Maniitsoq,GL,2022-01-30 00:21:05,65.4167,-52.9,8.55,74,100,25.1
271,Ternate,ID,2022-01-30 00:21:05,0.8,127.4,80.49,80,86,5.61
272,Ixtapa,MX,2022-01-30 00:17:07,20.7,-105.2,76.23,69,0,4.61
273,Novikovo,RU,2022-01-30 00:21:07,51.1537,37.8879,22.96,95,99,10.25
274,Pingliang,CN,2022-01-30 00:21:26,35.5392,106.6861,13.3,77,16,7.61
275,Saint-Pierre,RE,2022-01-30 00:22:08,-21.3393,55.4781,74.88,78,11,9.22
276,Bathsheba,BB,2022-01-30 00:22:09,13.2167,-59.5167,77.61,69,40,16.11
277,Acajutla,SV,2022-01-30 00:22:09,13.5928,-89.8275,80.8,69,41,3.42
278,Charters Towers,AU,2022-01-30 00:19:14,-20.1,146.2667,81.41,58,2,9.95
279,Bilma,NE,2022-01-30 00:21:07,18.6853,12.9164,57.54,20,2,13.33
280,Grindavik,IS,2022-01-30 00:21:42,63.8424,-22.4338,36.07,69,75,13.8
281,Xining,CN,2022-01-30 00:22:12,36.6167,101.7667,8.47,66,10,2.37
282,Galle,LK,2022-01-30 00:22:12,6.0367,80.217,77.34,80,82,4.65
283,Karratha,AU,2022-01-30 00:19:51,-20.7377,116.8463,82.11,59,90,15.64
284,Northam,GB,2022-01-30 00:22:14,51.0333,-4.2167,45.61,82,82,7.63
285,Pozega,HR,2022-01-30 00:22:14,45.3403,17.6853,38.77,64,94,3.71
286,Matara,LK,2022-01-30 00:22:15,5.9485,80.5353,75.63,86,79,5.53
287,Rebrikha,RU,2022-01-30 00:22:16,53.0733,82.3408,-5.42,93,53,6.31
288,Bajil,YE,2022-01-30 00:22:17,15.0584,43.2851,74.88,81,25,3.53
289,Villamontes,BO,2022-01-30 00:22:18,-21.25,-63.5,72.52,56,2,1.12
290,Bubaque,GW,2022-01-30 00:22:18,11.2833,-15.8333,78.98,69,93,16.69
291,Tierra Blanca,HN,2022-01-30 00:22:19,14.5833,-88.5833,68.02,99,99,5.79
292,Sorong,ID,2022-01-30 00:22:20,-0.8833,131.25,82.47,77,98,8.03
293,Sahuaripa,MX,2022-01-30 00:22:20,29.05,-109.2333,73.87,28,1,3.91
294,Basco,PH,2022-01-30 00:19:06,20.4487,121.9702,74.59,82,100,24.99
295,Batagay-Alyta,RU,2022-01-30 00:20:43,67.8006,130.4114,-20.92,96,70,4.88
296,Ialibu,PG,2022-01-30 00:22:22,-6.2821,143.9935,63.23,71,100,2.66
297,Liverpool,GB,2022-01-30 00:22:23,53.4106,-2.9779,46.35,76,75,5.01
298,Zemio,CF,2022-01-30 00:22:23,5.0314,25.1361,65.43,28,73,3.58
299,Port Moresby,PG,2022-01-30 00:19:34,-9.4431,147.1797,81.07,74,100,8.57
300,Traverse City,US,2022-01-30 00:22:25,44.7631,-85.6206,21.31,81,100,6.35
301,Chuguyevka,RU,2022-01-30 00:22:25,44.1653,133.8633,3.67,93,100,5.21
302,Dagana,MR,2022-01-30 00:22:26,16.5165,-15.5068,78.78,35,100,14.07
303,Neuquen,AR,2022-01-30 00:22:27,-38.9516,-68.0591,87.69,15,0,18.41
304,Inhambane,MZ,2022-01-30 00:22:28,-23.865,35.3833,76.66,72,82,7.99
305,San Cristobal,VE,2022-01-30 00:20:39,7.7669,-72.225,73.58,81,24,3.2
306,Wanning,CN,2022-01-30 00:21:14,18.8003,110.3967,59.59,91,100,8.61
307,San Andres,CO,2022-01-30 00:22:29,12.5847,-81.7006,80.62,69,20,11.5
308,Lac Du Bonnet,CA,2022-01-30 00:22:30,50.2536,-96.0612,8.6,96,99,6.42
309,Nicoya,CR,2022-01-30 00:22:31,10.1483,-85.452,80.15,63,6,13.94
310,Rocha,UY,2022-01-30 00:22:32,-34.4833,-54.3333,64.74,80,2,7.43
311,Togur,RU,2022-01-30 00:21:17,58.3631,82.8265,-3.8,100,100,4.68
312,Micheweni,TZ,2022-01-30 00:22:33,-4.9667,39.8333,78.33,78,86,4.79
313,Pochutla,MX,2022-01-30 00:19:34,15.7432,-96.4661,84.02,61,0,5.79
314,Pueblo Nuevo,MX,2022-01-30 00:22:34,23.3833,-105.3833,62.19,37,0,5.66
315,Port Lincoln,AU,2022-01-30 00:22:35,-34.7333,135.8667,69.78,76,29,14.81
316,Cabo San Lucas,MX,2022-01-30 00:21:42,22.8909,-109.9124,77.5,54,10,4.0
317,Port Augusta,AU,2022-01-30 00:19:45,-32.5,137.7667,91.71,33,38,7.07
318,Kyzyl-Suu,KG,2022-01-30 00:22:37,42.3414,78.0056,19.11,62,74,9.69
319,Araouane,ML,2022-01-30 00:22:37,18.9048,-3.5265,71.08,11,78,14.29
320,Carlisle,US,2022-01-30 00:22:38,40.2015,-77.1889,21.16,32,30,3.0
321,Nanortalik,GL,2022-01-30 00:22:39,60.1432,-45.2371,21.0,69,100,26.19
322,Barcelos,PT,2022-01-30 00:23:40,41.5388,-8.6151,51.94,58,1,5.79
323,San Quintin,MX,2022-01-30 00:23:41,30.4833,-115.95,63.86,40,4,8.46
324,Urdoma,RU,2022-01-30 00:23:42,61.7533,48.5442,14.65,95,100,5.68
325,Singaraja,ID,2022-01-30 00:23:42,-8.112,115.0882,79.97,81,100,4.54
326,Belaya Gora,RU,2022-01-30 00:23:43,68.5333,146.4167,-17.41,100,98,2.35
327,Maceio,BR,2022-01-30 00:21:28,-9.6658,-35.7353,78.24,83,75,4.61
328,Inhuma,BR,2022-01-30 00:23:44,-6.6683,-41.7078,70.47,88,100,1.5
329,Pisco,PE,2022-01-30 00:23:45,-13.7,-76.2167,71.65,73,0,14.97
330,Novobirilyussy,RU,2022-01-30 00:23:46,56.9514,90.6661,0.73,97,86,3.67
331,Kabanjahe,ID,2022-01-30 00:23:46,3.1001,98.4908,64.42,96,76,0.16
332,Talnakh,RU,2022-01-30 00:23:47,69.4865,88.3972,-3.8,96,100,9.04
333,Mount Darwin,ZW,2022-01-30 00:23:48,-16.7725,31.5838,66.31,98,100,1.99
334,San Jose,US,2022-01-30 00:21:42,37.3394,-121.895,66.85,46,40,3.0
335,Norman Wells,CA,2022-01-30 00:23:49,65.282,-126.8329,-25.56,68,75,0.0
336,Upernavik,GL,2022-01-30 00:22:29,72.7868,-56.1549,0.9,95,100,8.1
337,Dongfeng,CN,2022-01-30 00:23:50,42.6403,125.5118,3.24,86,4,4.9
338,Guerrero Negro,MX,2022-01-30 00:23:51,27.9769,-114.0611,66.6,33,49,12.3
339,Ulaangom,MN,2022-01-30 00:23:51,49.9811,92.0667,-24.3,90,97,3.29
340,Reinosa,ES,2022-01-30 00:23:52,42.9996,-4.138,37.2,41,21,0.54
341,Harper,LR,2022-01-30 00:23:53,4.375,-7.7169,78.98,86,40,6.08
342,Griffith,US,2022-01-30 00:23:54,41.5284,-87.4237,21.88,64,0,0.0
343,Kutum,SD,2022-01-30 00:22:45,14.2,24.6667,51.62,20,25,7.09
344,Beltiug,RO,2022-01-30 00:23:55,47.55,22.85,32.34,93,75,11.5
345,Hasaki,JP,2022-01-30 00:23:37,35.7333,140.8333,41.29,54,51,20.09
346,Jalu,LY,2022-01-30 00:20:21,29.0331,21.5482,53.56,40,18,16.89
347,Tzaneen,ZA,2022-01-30 00:23:57,-23.8332,30.1635,61.02,92,100,2.28
348,Sabang,ID,2022-01-30 00:23:58,5.8933,95.3214,81.86,67,81,6.53
349,Varhaug,NO,2022-01-30 00:23:59,58.6147,5.6457,42.35,76,80,47.24
350,Bhindar,IN,2022-01-30 00:24:00,24.5,74.1833,44.85,38,0,2.53
351,Pokhara,NP,2022-01-30 00:24:01,28.2333,83.9833,45.09,60,5,3.42
352,Aksu,CN,2022-01-30 00:24:01,41.1231,80.2644,25.05,48,85,4.94
353,The Valley,AI,2022-01-30 00:24:02,18.217,-63.0578,77.09,68,0,6.46
354,Spearfish,US,2022-01-30 00:24:03,44.4908,-103.8594,42.31,23,0,10.36
355,Cidreira,BR,2022-01-30 00:19:57,-30.1811,-50.2056,71.96,64,67,11.77
356,Korla,CN,2022-01-30 00:24:04,41.7597,86.1469,23.9,52,100,7.2
357,Skjervoy,NO,2022-01-30 00:19:31,70.0311,20.9714,27.75,59,8,5.21
358,Ledyard,US,2022-01-30 00:24:05,41.4398,-72.0142,17.29,87,100,10.0
359,Nome,US,2022-01-30 00:24:06,64.5011,-165.4064,-7.53,59,0,0.0
360,Katangli,RU,2022-01-30 00:21:32,51.7102,143.2326,-10.14,88,91,5.7
361,Gari,RU,2022-01-30 00:19:45,59.4307,62.3497,-0.6,100,100,3.36
362,Ancud,CL,2022-01-30 00:23:33,-41.8697,-73.8203,58.53,93,88,13.53
363,Minnedosa,CA,2022-01-30 00:24:08,50.2453,-99.8436,14.56,97,84,4.25
364,Zhezkazgan,KZ,2022-01-30 00:20:55,47.8043,67.7144,8.94,97,74,8.88
365,Bagan,RU,2022-01-30 00:24:09,54.1001,77.6646,2.37,83,45,10.29
366,Key Largo,US,2022-01-30 00:22:32,25.0865,-80.4473,55.99,46,40,18.61
367,Isoka,ZM,2022-01-30 00:24:10,-10.1606,32.6335,62.35,96,100,3.15
368,Salta,AR,2022-01-30 00:25:11,-24.7859,-65.4117,71.89,75,75,4.0
369,Bambous Virieux,MU,2022-01-30 00:25:12,-20.3428,57.7575,79.05,78,40,6.91
370,Camocim,BR,2022-01-30 00:25:13,-2.9022,-40.8411,76.46,87,100,8.21
371,Walvis Bay,NA,2022-01-30 00:22:55,-22.9575,14.5053,61.75,88,23,8.05
372,Chokurdakh,RU,2022-01-30 00:25:14,70.6333,147.9167,-11.61,87,100,1.07
373,Austin,US,2022-01-30 00:24:53,30.2672,-97.7431,62.2,31,0,3.0
374,Jiuquan,CN,2022-01-30 00:25:15,39.7432,98.5174,11.82,57,6,3.13
375,Ranong,TH,2022-01-30 00:25:16,9.9658,98.6348,71.53,87,45,2.17
376,Redondela,ES,2022-01-30 00:25:17,42.2834,-8.6096,52.86,59,0,6.91
377,Shingu,JP,2022-01-30 00:25:17,33.7333,135.9833,43.79,54,96,5.17
378,Luancheng,CN,2022-01-30 00:25:18,37.8792,114.6517,17.76,79,6,2.26
379,Ostrovnoy,RU,2022-01-30 00:25:19,68.0531,39.5131,15.37,89,88,12.53
380,Puerto Carreno,CO,2022-01-30 00:25:20,6.189,-67.4859,85.98,45,84,5.75
381,Algiers,DZ,2022-01-30 00:23:52,36.7525,3.042,35.42,81,40,1.14
382,Iquique,CL,2022-01-30 00:25:21,-20.2208,-70.1431,66.76,81,44,2.21
383,Darhan,MN,2022-01-30 00:25:22,49.4867,105.9228,-16.2,99,95,2.46
384,Ust-Kan,RU,2022-01-30 00:25:22,50.9276,84.761,-4.25,82,15,4.16
385,Bairiki,KI,2022-01-30 00:25:23,1.3292,172.9752,86.0,74,40,9.22
386,Almansa,ES,2022-01-30 00:25:24,38.8692,-1.0971,36.9,34,0,1.34
387,Hirara,JP,2022-01-30 00:25:26,24.8,125.2833,66.47,82,75,17.27
388,Acapulco,MX,2022-01-30 00:24:42,16.8634,-99.8901,82.22,74,20,5.75
389,Kiama,AU,2022-01-30 00:25:27,-34.6833,150.8667,84.99,68,93,5.99
390,Grand Gaube,MU,2022-01-30 00:25:28,-20.0064,57.6608,79.2,78,94,1.01
391,Iralaya,HN,2022-01-30 00:25:29,15.0,-83.2333,80.69,82,9,8.7
392,Krasnozerskoye,RU,2022-01-30 00:22:08,53.9828,79.2374,3.58,80,45,12.35
393,Lahaina,US,2022-01-30 00:21:26,20.8783,-156.6825,82.4,67,2,9.75
394,Nortelandia,BR,2022-01-30 00:25:31,-14.4547,-56.8028,72.81,97,100,0.78
395,Cherskiy,RU,2022-01-30 00:25:31,68.75,161.3,-26.14,99,80,1.32
396,San Diego De Los Banos,CU,2022-01-30 00:25:32,22.6467,-83.3697,61.56,65,74,11.18
397,Kenai,US,2022-01-30 00:25:33,60.5544,-151.2583,30.09,87,75,9.22
398,Half Moon Bay,US,2022-01-30 00:25:33,37.4636,-122.4286,66.79,56,0,1.01
399,Saint-Georges,GD,2022-01-30 00:25:34,12.0564,-61.7485,76.1,74,22,9.98
400,Sembe,CG,2022-01-30 00:25:35,1.6481,14.5806,71.51,33,98,0.38
401,Richards Bay,ZA,2022-01-30 00:25:36,-28.783,32.0377,69.76,86,31,0.54
402,Cockburn Town,TC,2022-01-30 00:24:52,21.4612,-71.1419,78.76,73,40,9.22
403,Kargasok,RU,2022-01-30 00:25:37,59.0556,80.8572,0.9,97,100,5.91
404,Hovd,MN,2022-01-30 00:25:38,48.0056,91.6419,-14.55,78,22,2.01
405,Raga,SS,2022-01-30 00:25:19,8.4596,25.678,63.97,19,81,4.14
406,Srednekolymsk,RU,2022-01-30 00:25:39,67.45,153.6833,-26.66,100,82,4.34
407,Kruisfontein,ZA,2022-01-30 00:25:40,-34.0033,24.7314,58.89,92,1,3.27
408,Kohima,IN,2022-01-30 00:25:41,25.6667,94.1167,39.29,91,0,1.95
409,Yongan,CN,2022-01-30 00:25:41,39.6957,113.6871,18.36,49,20,3.56
410,Neka,IR,2022-01-30 00:25:42,36.6508,53.299,41.47,72,1,4.54
411,Remedios,CU,2022-01-30 00:25:43,22.4947,-79.5458,61.72,67,99,15.43
412,Novobelokatay,RU,2022-01-30 00:25:44,55.7062,58.9549,-2.24,100,95,2.01
413,Rio Grande,BR,2022-01-30 00:25:44,-32.035,-52.0986,71.94,63,18,12.86
414,Kahului,US,2022-01-30 00:22:19,20.8947,-156.47,82.42,54,20,18.41
415,Kunming,CN,2022-01-30 00:23:57,25.0389,102.7183,30.13,80,0,2.24
416,Nhulunbuy,AU,2022-01-30 00:26:46,-12.2333,136.7667,81.21,83,75,18.41
417,Springbok,ZA,2022-01-30 00:26:47,-29.6643,17.8865,76.89,34,15,4.56
418,Mehamn,NO,2022-01-30 00:26:48,71.0357,27.8492,16.34,83,98,3.65
419,Quatre Cocos,MU,2022-01-30 00:26:49,-20.2078,57.7625,78.91,75,100,12.71
420,Sarangani,PH,2022-01-30 00:26:49,5.4033,125.4636,80.55,76,79,6.76
421,Shahr-E Kord,IR,2022-01-30 00:26:50,32.3256,50.8644,17.37,67,0,4.61
422,Cairns,AU,2022-01-30 00:25:14,-16.9167,145.7667,88.95,79,75,10.36
423,Iwanai,JP,2022-01-30 00:26:51,42.9744,140.5089,17.98,69,100,18.63
424,Petropavlovsk-Kamchatskiy,RU,2022-01-30 00:26:52,53.0452,158.6483,25.39,80,75,0.0
425,Gizo,SB,2022-01-30 00:26:53,-8.103,156.8419,84.0,73,93,6.08
426,Nouadhibou,MR,2022-01-30 00:26:25,20.931,-17.0347,62.58,82,100,14.97
427,Saint-Augustin,CA,2022-01-30 00:26:54,51.226,-58.6502,7.72,94,100,22.12
428,Linxia,CN,2022-01-30 00:26:54,35.6003,103.2064,6.71,88,67,2.89
429,Kanigoro,ID,2022-01-30 00:26:55,-8.13,112.219,77.11,89,100,1.9
430,Oussouye,SN,2022-01-30 00:24:54,12.485,-16.5469,75.38,61,98,10.89
431,High Level,CA,2022-01-30 00:26:56,58.5169,-117.136,14.11,92,100,3.44
432,Caborca,MX,2022-01-30 00:26:57,30.5838,-111.101,70.93,18,1,5.68
433,Nelson Bay,AU,2022-01-30 00:26:58,-32.7167,152.15,83.28,68,44,9.46
434,Sao Joao Da Barra,BR,2022-01-30 00:26:59,-21.6403,-41.0511,76.26,91,68,11.86
435,Blythe,US,2022-01-30 00:26:59,33.6103,-114.5964,66.65,8,0,13.8
436,Prainha,BR,2022-01-30 00:27:00,-1.8,-53.48,72.01,98,100,3.47
437,Rock Sound,BS,2022-01-30 00:27:01,24.9,-76.2,63.57,64,100,24.2
438,Milkovo,RU,2022-01-30 00:27:01,54.7167,158.6167,22.73,95,100,2.48
439,Ossora,RU,2022-01-30 00:27:02,59.2353,163.0719,23.22,92,100,24.7
440,Vryburg,ZA,2022-01-30 00:27:03,-26.9566,24.7284,68.09,70,77,8.97
441,Sulphur Springs,US,2022-01-30 00:27:04,33.1385,-95.6011,59.11,22,0,6.91
442,Khani,GE,2022-01-30 00:24:46,41.9563,42.9566,24.37,80,95,6.71
443,Tomobe,JP,2022-01-30 00:27:05,36.35,140.3,40.8,40,58,7.61
444,Daru,PG,2022-01-30 00:27:06,-9.0763,143.2092,78.53,85,100,9.62
445,Lichinga,MZ,2022-01-30 00:27:07,-13.3128,35.2406,62.69,100,20,3.44
446,Lanzhou,CN,2022-01-30 00:27:08,36.0564,103.7922,6.08,91,15,0.47
447,Qasigiannguit,GL,2022-01-30 00:27:09,68.8193,-51.1922,10.65,85,99,12.12
448,Doka,SD,2022-01-30 00:27:09,13.5167,35.7667,71.04,42,8,13.0
449,Ust-Maya,RU,2022-01-30 00:27:10,60.4167,134.5333,-32.49,100,90,0.65
450,Luwingu,ZM,2022-01-30 00:27:10,-10.2621,29.9271,61.83,95,100,3.04
451,Plettenberg Bay,ZA,2022-01-30 00:27:11,-34.0527,23.3716,63.77,92,12,3.31
452,Nacozari,MX,2022-01-30 00:27:12,25.3366,-108.2574,75.67,46,0,11.7
453,Williams Lake,CA,2022-01-30 00:27:13,52.1415,-122.1445,36.97,68,100,9.22
454,Port Keats,AU,2022-01-30 00:27:14,-14.25,129.55,82.76,81,100,19.08
455,Bongor,TD,2022-01-30 00:27:14,10.2806,15.3722,69.04,16,46,11.1
456,Waddan,LY,2022-01-30 00:27:15,29.1614,16.139,46.54,65,0,8.14
457,Suntar,RU,2022-01-30 00:23:33,62.1444,117.6319,-15.77,97,84,5.17
458,Kiunga,PG,2022-01-30 00:27:16,-6.1219,141.2906,73.04,99,100,1.19
459,Amurrio,ES,2022-01-30 00:27:17,43.05,-3.0,40.86,77,3,1.34
460,Monchegorsk,RU,2022-01-30 00:27:18,67.9397,32.8739,-2.51,100,82,0.96
461,Jinchang,CN,2022-01-30 00:27:19,38.4953,102.1739,14.36,55,18,8.5
462,Letterkenny,IE,2022-01-30 00:28:19,54.95,-7.7333,39.38,78,69,3.85
463,Kangaatsiaq,GL,2022-01-30 00:28:20,68.3065,-53.4641,6.3,75,100,26.37
464,Puerto Escondido,MX,2022-01-30 00:28:21,15.85,-97.0667,83.23,65,20,0.0
465,Nizhniy Tsasuchey,RU,2022-01-30 00:28:21,50.5167,115.1333,-13.88,96,14,5.48
466,Shache,CN,2022-01-30 00:28:22,38.4167,77.2406,23.86,48,17,2.15
467,Deogarh,IN,2022-01-30 00:28:23,21.5333,84.7333,51.48,46,2,4.34
468,Hamilton,US,2022-01-30 00:28:24,39.1834,-84.5333,23.81,65,100,1.01
469,Cabedelo,BR,2022-01-30 00:28:25,-6.9811,-34.8339,77.67,80,74,9.19
470,Aitape,PG,2022-01-30 00:28:25,-3.1374,142.3475,79.77,83,100,8.5
471,Barahona,DO,2022-01-30 00:28:26,18.2085,-71.1008,75.43,76,12,5.1
472,Tolaga Bay,NZ,2022-01-30 00:28:27,-38.3667,178.3,72.01,60,0,9.73
473,Xacmaz,AZ,2022-01-30 00:28:27,41.4635,48.806,34.25,66,24,5.84
474,Champerico,GT,2022-01-30 00:27:33,14.3,-91.9167,84.74,68,15,6.91
475,Brattvag,NO,2022-01-30 00:28:28,62.6002,6.4434,42.44,70,100,27.63
476,Mount Isa,AU,2022-01-30 00:23:33,-20.7333,139.5,82.17,83,100,12.66
477,Mitu,CO,2022-01-30 00:28:30,1.1983,-70.1733,75.18,61,74,2.46
478,Log,RU,2022-01-30 00:28:31,49.4844,43.8613,30.36,95,100,16.22
479,Menomonie,US,2022-01-30 00:24:46,44.8755,-91.9193,24.82,63,91,4.61
480,Karlstad,SE,2022-01-30 00:28:32,59.3793,13.5036,39.76,48,40,25.32
481,Vostok,RU,2022-01-30 00:28:33,46.4856,135.8833,-11.83,95,94,3.31
482,Aklavik,CA,2022-01-30 00:28:34,68.2191,-135.0107,-15.77,76,40,3.44
483,Tual,ID,2022-01-30 00:28:35,-5.6667,132.75,83.43,74,99,15.55
484,Williamsburg,US,2022-01-30 00:28:23,37.2707,-76.7075,28.74,40,0,9.22
485,Oistins,BB,2022-01-30 00:28:36,13.0667,-59.5333,77.09,69,40,16.11
486,Abu Dhabi,AE,2022-01-30 00:24:52,24.4667,54.3667,66.96,79,0,3.44
487,Isangel,VU,2022-01-30 00:28:38,-19.55,169.2667,80.89,84,100,14.41
488,Souillac,MU,2022-01-30 00:28:39,-20.5167,57.5167,79.18,78,40,6.91
489,Coruripe,BR,2022-01-30 00:28:40,-10.1256,-36.1756,77.45,66,100,6.35
490,Nantucket,US,2022-01-30 00:28:41,41.2835,-70.0995,22.08,91,100,37.87
491,Tiznit,MA,2022-01-30 00:24:13,29.5833,-9.5,57.94,29,0,23.62
492,Alyangula,AU,2022-01-30 00:24:08,-13.8483,136.4192,84.07,79,100,9.22
493,Tahlequah,US,2022-01-30 00:28:43,35.9154,-94.97,54.68,25,0,0.0
494,Mumford,GH,2022-01-30 00:28:43,5.2618,-0.759,78.75,90,23,4.34
495,Xinyu,CN,2022-01-30 00:28:44,27.8043,114.9334,37.51,91,100,1.45
496,Ajdabiya,LY,2022-01-30 00:28:45,30.7554,20.2263,53.69,57,74,21.79
497,Shar,KZ,2022-01-30 00:28:46,49.5886,81.0453,11.97,89,100,18.99
498,Omis,HR,2022-01-30 00:28:47,43.4447,16.6886,44.53,42,42,4.68
499,Merrill,US,2022-01-30 00:25:32,45.1805,-89.6835,22.77,68,100,0.0
500,Palmer,US,2022-01-30 00:28:12,42.1584,-72.3287,15.4,76,100,8.99
501,Fare,PF,2022-01-30 00:28:49,-16.7,-151.0167,80.58,72,30,9.17
502,Romitan,UZ,2022-01-30 00:28:50,39.9343,64.3814,30.15,93,3,4.61
503,Jiaocheng,CN,2022-01-30 00:28:51,24.6774,116.1389,43.0,83,94,5.14
504,Vilyuysk,RU,2022-01-30 00:29:51,63.7553,121.6247,-19.19,99,96,5.17
505,Havelock,US,2022-01-30 00:29:52,34.8791,-76.9013,33.78,57,0,5.99
506,Changping,CN,2022-01-30 00:29:53,40.2186,116.2197,13.64,43,3,2.3
507,Saint-Jean-Port-Joli,CA,2022-01-30 00:29:54,47.2171,-70.2658,9.88,73,100,22.62
508,Faanui,PF,2022-01-30 00:29:54,-16.4833,-151.75,80.64,72,43,9.08
509,Danilov,RU,2022-01-30 00:29:55,58.1908,40.1717,4.24,100,95,3.22
510,Codrington,AU,2022-01-30 00:29:56,-38.2667,141.9667,69.03,82,94,8.21
511,Rio Gallegos,AR,2022-01-30 00:29:51,-51.6226,-69.2181,48.25,87,75,11.5
512,Maryville,US,2022-01-30 00:29:57,35.7565,-83.9705,28.35,47,20,1.99
513,Pangnirtung,CA,2022-01-30 00:29:58,66.1451,-65.7125,-18.98,99,100,2.48
514,Estelle,US,2022-01-30 00:29:58,29.8458,-90.1067,48.0,30,0,3.44
515,Barjora,IN,2022-01-30 00:30:01,23.4333,87.2833,55.26,54,0,5.1
516,Valdivia,CL,2022-01-30 00:28:33,-39.8142,-73.2459,58.08,75,11,4.54
517,Maxixe,MZ,2022-01-30 00:30:03,-23.8597,35.3472,75.9,71,100,7.05
518,Bonavista,CA,2022-01-30 00:30:04,48.6499,-53.1147,35.11,95,100,43.11
519,Luena,AO,2022-01-30 00:30:05,-11.7833,19.9167,62.1,97,100,4.47
520,Kandrian,PG,2022-01-30 00:30:06,-6.2167,149.55,84.9,69,90,10.07
521,Ponta Delgada,PT,2022-01-30 00:30:07,37.7333,-25.6667,58.5,72,75,0.0
522,Akdepe,TM,2022-01-30 00:30:08,42.0551,59.3788,23.09,73,5,5.32
523,Limbazi,LV,2022-01-30 00:30:10,57.5129,24.7194,34.03,99,100,13.27
524,Balikpapan,ID,2022-01-30 00:26:55,-1.2675,116.8289,79.79,94,20,2.3
525,Tonantins,BR,2022-01-30 00:30:11,-2.8731,-67.8022,75.74,95,76,3.11
526,Beisfjord,NO,2022-01-30 00:30:12,68.3751,17.5988,17.65,83,100,8.46
527,Kumluca,TR,2022-01-30 00:30:13,36.3703,30.2869,44.67,69,100,4.65
528,Maple Creek,CA,2022-01-30 00:30:14,49.9168,-109.4848,37.81,69,100,3.44
529,Tura,IN,2022-01-30 00:30:15,25.5198,90.2201,49.48,67,0,2.24
530,Port Macquarie,AU,2022-01-30 00:30:16,-31.4333,152.9167,80.56,62,22,7.18
531,Vilhena,BR,2022-01-30 00:30:16,-12.7406,-60.1458,71.82,94,75,3.44
532,Bandarbeyla,SO,2022-01-30 00:25:43,9.4942,50.8122,75.33,71,100,20.02
533,Guayaramerin,BO,2022-01-30 00:30:18,-10.8368,-65.3614,72.57,99,100,2.28
534,Kokopo,PG,2022-01-30 00:30:18,-4.352,152.2633,80.87,79,100,6.89
535,Luanda,AO,2022-01-30 00:25:40,-8.8368,13.2343,77.97,87,100,6.55
536,Gladstone,AU,2022-01-30 00:30:20,-23.85,151.25,87.78,65,100,10.36
537,Waipawa,NZ,2022-01-30 00:30:20,-41.4122,175.5153,74.03,44,8,11.77
538,Puerto El Triunfo,SV,2022-01-30 00:30:21,13.2833,-88.55,80.76,67,52,6.08
539,Dakar,SN,2022-01-30 00:30:22,14.6937,-17.4441,70.68,78,0,11.5
540,Tezu,IN,2022-01-30 00:28:22,27.9167,96.1667,48.87,51,0,3.62
541,San Cosme Y Damian,PY,2022-01-30 00:30:23,-27.3167,-56.35,84.38,43,53,7.07
542,Beloha,MG,2022-01-30 00:30:24,-25.1667,45.05,71.74,88,13,10.07
543,Kaeo,NZ,2022-01-30 00:30:25,-35.1,173.7833,73.33,66,100,12.64
544,Pizarro,CO,2022-01-30 00:30:26,4.9533,-77.366,75.83,88,100,0.51
545,Roebourne,AU,2022-01-30 00:30:26,-20.7833,117.1333,89.8,45,56,12.66
546,Port Blair,IN,2022-01-30 00:30:27,11.6667,92.75,75.24,83,75,0.0
547,Jurm,AF,2022-01-30 00:30:28,36.8648,70.8342,26.89,53,100,6.08
548,Ambilobe,MG,2022-01-30 00:31:28,-13.2,49.05,74.26,92,99,1.57
549,Imbituba,BR,2022-01-30 00:27:57,-28.24,-48.6703,71.82,84,98,6.04
550,Salalah,OM,2022-01-30 00:31:30,17.0151,54.0924,68.09,73,0,4.61
551,Sing Buri,TH,2022-01-30 00:31:30,14.85,100.2333,77.0,61,10,2.89
552,Victor Harbor,AU,2022-01-30 00:31:31,-35.5667,138.6167,78.46,72,4,8.7
553,Ormara,PK,2022-01-30 00:31:32,25.2088,64.6357,69.87,76,0,7.58
554,Kishi,NG,2022-01-30 00:31:33,9.0833,3.85,72.79,19,64,5.01
555,Lucknow,IN,2022-01-30 00:31:33,26.85,80.9167,48.18,93,0,4.61
556,Mount Gambier,AU,2022-01-30 00:31:34,-37.8333,140.7667,69.71,73,100,9.22
